ObservableProperty,Procedure Identifier,Result Type,Unit specified with procedure,Collection 1,Notation,Part of soil/fraction
  Moisture content,http://anzsoil.org/def/au/scm/2A1,number,PERCENT,Chemical,0,fine soil fraction (<2mm)
  Moisture content,http://anzsoil.org/def/au/scm/2B1,number,PERCENT,Chemical,0,fine soil fraction (<2mm)
  Moisture content,http://anzsoil.org/def/au/scm/2C1,number,PERCENT,Chemical,0,fine soil fraction (<2mm)
  Moisture content,http://anzsoil.org/def/au/scm/2D1,number,PERCENT,Chemical,0,fine soil fraction (<2mm)
  electrical conductivity,http://anzsoil.org/def/au/scm/3A1,number,DeciS-PER-M,Chemical,EC,fine soil fraction (<2mm)
  estimated soluble salts,http://anzsoil.org/def/au/scm/3B1,number,DeciS-PER-M,Chemical,0,fine soil fraction (<2mm)
  estimated ionic strength,http://anzsoil.org/def/au/scm/3C1,number,MilliMOL,Chemical,0,fine soil fraction (<2mm)
  Redox potential ,http://anzsoil.org/def/au/scm/3D1,number,MilliV,Chemical,Eh,fine soil fraction (<2mm)
  pH,http://anzsoil.org/def/au/scm/4A1,number,UNITLESS,Chemical,0,fine soil fraction (<2mm)
  pH,http://anzsoil.org/def/au/scm/4A2,number,UNITLESS,Chemical,0,fine soil fraction (<2mm)
  pH,http://anzsoil.org/def/au/scm/4A3,number,UNITLESS,Chemical,0,fine soil fraction (<2mm)
  pH,http://anzsoil.org/def/au/scm/4B1,number,UNITLESS,Chemical,0,fine soil fraction (<2mm)
  pH,http://anzsoil.org/def/au/scm/4B2,number,UNITLESS,Chemical,0,fine soil fraction (<2mm)
  pH,http://anzsoil.org/def/au/scm/4B3,number,UNITLESS,Chemical,0,fine soil fraction (<2mm)
  pH,http://anzsoil.org/def/au/scm/4B4,number,UNITLESS,Chemical,0,fine soil fraction (<2mm)
  pH,http://anzsoil.org/def/au/scm/4B5,number,UNITLESS,Chemical,0,fine soil fraction (<2mm)
  pH,http://anzsoil.org/def/au/scm/4C1,number,UNITLESS,Chemical,0,fine soil fraction (<2mm)
  pH,http://anzsoil.org/def/au/scm/4C2,number,UNITLESS,Chemical,0,fine soil fraction (<2mm)
  pH,http://anzsoil.org/def/au/scm/4C3,number,UNITLESS,Chemical,0,fine soil fraction (<2mm)
  pH,http://anzsoil.org/def/au/scm/4C4,number,UNITLESS,Chemical,0,fine soil fraction (<2mm)
  pH,http://anzsoil.org/def/au/scm/4D1,number,UNITLESS,Chemical,0,fine soil fraction (<2mm)
  pH reactivity class,http://anzsoil.org/def/au/scm/4D1,code  https://raw.githack.com/ANZSoilData/def-au-scma/master/html/04-pH/04D1.html,0,Chemical,0,fine soil fraction (<2mm)
  pH,http://anzsoil.org/def/au/scm/4E1,number,UNITLESS,Chemical,0,fine soil fraction (<2mm)
  pH change,http://anzsoil.org/def/au/scm/4F1,number,UNITLESS,Chemical,? pH,fine soil fraction (<2mm)
  pH,http://anzsoil.org/def/au/scm/4G1,number,UNITLESS,Chemical,0,fine soil fraction (<2mm)
Concentration of Chloride ,http://anzsoil.org/def/au/scm/5A1,number,MilliGM-PER-KiloGM,Chemical,0,fine soil fraction (<2mm)
Concentration of Chloride ,http://anzsoil.org/def/au/scm/5A2,number,MilliGM-PER-KiloGM,Chemical,0,fine soil fraction (<2mm)
Concentration of Chloride  ,http://anzsoil.org/def/au/scm/5A2a,number,MilliGM-PER-KiloGM,Chemical,0,fine soil fraction (<2mm)
Concentration of Chloride ,http://anzsoil.org/def/au/scm/5A2b,number,MilliGM-PER-KiloGM,Chemical,0,fine soil fraction (<2mm)
Concentration of Chloride ,http://anzsoil.org/def/au/scm/5A3a,number,MilliGM-PER-KiloGM,Chemical,0,fine soil fraction (<2mm)
Concentration of Chloride ,http://anzsoil.org/def/au/scm/5A3b,number,MilliGM-PER-KiloGM,Chemical,0,fine soil fraction (<2mm)
Concentration of Chloride ,http://anzsoil.org/def/au/scm/5A4,number,MilliGM-PER-KiloGM,Chemical,0,fine soil fraction (<2mm)
Concentration of Carbon ,http://anzsoil.org/def/au/scm/6A1,number,PERCENT,Chemical,0,fine soil fraction (<2mm)
Concentration of Carbon ,http://anzsoil.org/def/au/scm/6B1,number,PERCENT,Chemical,0,fine soil fraction (<2mm)
Concentration of Carbon ,http://anzsoil.org/def/au/scm/6B2,number,PERCENT,Chemical,0,fine soil fraction (<2mm)
Concentration of Carbon ,http://anzsoil.org/def/au/scm/6B2a,number,PERCENT,Chemical,0,fine soil fraction (<2mm)
Concentration of Carbon ,http://anzsoil.org/def/au/scm/6B2b,number,PERCENT,Chemical,0,fine soil fraction (<2mm)
Concentration of Carbon ,http://anzsoil.org/def/au/scm/6B3,number,PERCENT,Chemical,0,fine soil fraction (<2mm)
Concentration of Carbon ,http://anzsoil.org/def/au/scm/6B4a,number,PERCENT,Chemical,0,fine soil fraction (<2mm)
Concentration of Carbon ,http://anzsoil.org/def/au/scm/6B4b,number,PERCENT,Chemical,0,fine soil fraction (<2mm)
Concentration of Carbon ,http://anzsoil.org/def/au/scm/6C1,number,PERCENT,Chemical,0,fine soil fraction (<2mm)
Concentration of Carbon ,http://anzsoil.org/def/au/scm/6D1,number,PERCENT,Chemical,0,fine soil fraction (<2mm)
Concentration of Carbon ,http://anzsoil.org/def/au/scm/6E1,number,GM-PER-KiloGM,Chemical,0,fine soil fraction (<2mm)
Concentration of Carbon ,http://anzsoil.org/def/au/scm/6F1,number,PERCENT,Chemical,0,fine soil fraction (<2mm)
Concentration of Organic Matter ,http://anzsoil.org/def/au/scm/6G1,number,PERCENT,Chemical,0,fine soil fraction (<2mm)
Concentration of Carbon ,http://anzsoil.org/def/au/scm/6G1,number,PERCENT,Chemical,0,fine soil fraction (<2mm)
Concentration of Carbonates ,http://anzsoil.org/def/au/scm/6G1,number,PERCENT,Chemical,0,fine soil fraction (<2mm)
Concentration of Nitrogen ,http://anzsoil.org/def/au/scm/7A1,number,PERCENT,Chemical,0,fine soil fraction (<2mm)
Concentration of Nitrogen ,http://anzsoil.org/def/au/scm/7A2,number,PERCENT,Chemical,0,fine soil fraction (<2mm)
Concentration of Nitrogen ,http://anzsoil.org/def/au/scm/7A2a,number,PERCENT,Chemical,0,fine soil fraction (<2mm)
Concentration of Nitrogen ,http://anzsoil.org/def/au/scm/7A2b,number,PERCENT,Chemical,0,fine soil fraction (<2mm)
Concentration of Nitrogen ,http://anzsoil.org/def/au/scm/7A3,number,PERCENT,Chemical,0,fine soil fraction (<2mm)
Concentration of Nitrogen ,http://anzsoil.org/def/au/scm/7A4,number,PERCENT,Chemical,0,fine soil fraction (<2mm)
Concentration of Nitrogen ,http://anzsoil.org/def/au/scm/7A5,number,PERCENT,Chemical,0,fine soil fraction (<2mm)
Concentration of Nitrogen ,http://anzsoil.org/def/au/scm/7A6a,number,PERCENT,Chemical,0,fine soil fraction (<2mm)
Concentration of Nitrogen ,http://anzsoil.org/def/au/scm/7A6b,number,PERCENT,Chemical,0,fine soil fraction (<2mm)
Concentration of Nitrate ,http://anzsoil.org/def/au/scm/7B1,number,MilliGM-PER-KiloGM,Chemical,0,fine soil fraction (<2mm)
Concentration of Nitrate ,http://anzsoil.org/def/au/scm/7B1a,number,MilliGM-PER-KiloGM,Chemical,0,fine soil fraction (<2mm)
Concentration of Nitrate ,http://anzsoil.org/def/au/scm/7B1b,number,MilliGM-PER-KiloGM,Chemical,0,fine soil fraction (<2mm)
Concentration of Nitrate ,http://anzsoil.org/def/au/scm/7B2,number,MilliGM-PER-KiloGM,Chemical,0,fine soil fraction (<2mm)
Concentration of Ammonium ,http://anzsoil.org/def/au/scm/7C1a,number,MilliGM-PER-KiloGM,Chemical,0,fine soil fraction (<2mm)
Concentration of Ammonium and Nitrite ,http://anzsoil.org/def/au/scm/7C1a,number,MilliGM-PER-KiloGM,Chemical,0,fine soil fraction (<2mm)
Concentration of Nitrate and Nitrite ,http://anzsoil.org/def/au/scm/7C1b,number,MilliGM-PER-KiloGM,Chemical,0,fine soil fraction (<2mm)
"Concentration of Ammonium, Nitrate and Nitrite ",http://anzsoil.org/def/au/scm/7C1c,number,MilliGM-PER-KiloGM,Chemical,0,fine soil fraction (<2mm)
Concentration of Ammonium and Nitrate ,http://anzsoil.org/def/au/scm/7C1d,number,MilliGM-PER-KiloGM,Chemical,0,fine soil fraction (<2mm)
Concentration of Nitrate ,http://anzsoil.org/def/au/scm/7C1e,number,MilliGM-PER-KiloGM,Chemical,0,fine soil fraction (<2mm)
Concentration of Nitrate ,http://anzsoil.org/def/au/scm/7C1f,number,MilliGM-PER-KiloGM,Chemical,0,fine soil fraction (<2mm)
Concentration of Ammonium and Nitrate ,http://anzsoil.org/def/au/scm/7C1g,number,MilliGM-PER-KiloGM,Chemical,0,fine soil fraction (<2mm)
Concentration of Nitrite ,http://anzsoil.org/def/au/scm/7C1h,number,MilliGM-PER-KiloGM,Chemical,0,fine soil fraction (<2mm)
"Concentration of Ammonium, Nitrate and Nitrite ",http://anzsoil.org/def/au/scm/7C2,number,MilliGM-PER-KiloGM,Chemical,0,fine soil fraction (<2mm)
"Concentration of Ammonium, Nitrate and Nitrite ",http://anzsoil.org/def/au/scm/7C2a,number,MilliGM-PER-KiloGM,Chemical,0,fine soil fraction (<2mm)
Concentration of Ammonium and Nitrate ,http://anzsoil.org/def/au/scm/7C2a,number,MilliGM-PER-KiloGM,Chemical,0,fine soil fraction (<2mm)
"Concentration of Ammonium, Nitrate and Nitrite ",http://anzsoil.org/def/au/scm/7C2b,number,MilliGM-PER-KiloGM,Chemical,0,fine soil fraction (<2mm)
Concentration of Ammonium and Nitrate ,http://anzsoil.org/def/au/scm/7C2b,number,MilliGM-PER-KiloGM,Chemical,0,fine soil fraction (<2mm)
Concentration of Nitrogen ,http://anzsoil.org/def/au/scm/7D1a,number,MilliGM-PER-KiloGM,Chemical,0,fine soil fraction (<2mm)
Concentration of Nitrogen ,http://anzsoil.org/def/au/scm/7D1b,number,MilliGM-PER-KiloGM,Chemical,0,fine soil fraction (<2mm)
Concentration of Nitrogen ,http://anzsoil.org/def/au/scm/7D1c,number,MilliGM-PER-KiloGM,Chemical,0,fine soil fraction (<2mm)
Concentration of Nitrogen ,http://anzsoil.org/def/au/scm/7D2a,number,MilliGM-PER-KiloGM,Chemical,0,fine soil fraction (<2mm)
Concentration of Nitrogen ,http://anzsoil.org/def/au/scm/7D2b,number,MilliGM-PER-KiloGM,Chemical,0,fine soil fraction (<2mm)
Concentration ratio of  total organic Carbon to total soil Nitrogen,http://anzsoil.org/def/au/scm/8A1,number,0,Chemical,TOC:TSN,fine soil fraction (<2mm)
Concentration ratio of  total organic Carbon to total soil Nitrogen,http://anzsoil.org/def/au/scm/8B1,number,0,Chemical,TOC:TSN,fine soil fraction (<2mm)
Concentration of Phosphorus ,http://anzsoil.org/def/au/scm/9A1,number,PERCENT,Chemical,0,fine soil fraction (<2mm)
Concentration of Phosphorus ,http://anzsoil.org/def/au/scm/9A2,number,PERCENT,Chemical,0,fine soil fraction (<2mm)
Concentration of Phosphorus ,http://anzsoil.org/def/au/scm/9A3a,number,PERCENT,Chemical,0,fine soil fraction (<2mm)
Concentration of Phosphorus ,http://anzsoil.org/def/au/scm/9A3b,number,PERCENT,Chemical,0,fine soil fraction (<2mm)
Concentration of Phosphorus ,http://anzsoil.org/def/au/scm/9B1,number,MilliGM-PER-KiloGM,Chemical,0,fine soil fraction (<2mm)
Concentration of Phosphorus ,http://anzsoil.org/def/au/scm/9B2,number,MilliGM-PER-KiloGM,Chemical,0,fine soil fraction (<2mm)
Concentration of Phosphorus ,http://anzsoil.org/def/au/scm/9C1,number,MilliGM-PER-KiloGM,Chemical,0,fine soil fraction (<2mm)
Concentration of Phosphorus ,http://anzsoil.org/def/au/scm/9C2,number,MilliGM-PER-KiloGM,Chemical,0,fine soil fraction (<2mm)
Concentration of Phosphorus ,http://anzsoil.org/def/au/scm/9C2a,number,MilliGM-PER-KiloGM,Chemical,0,fine soil fraction (<2mm)
Concentration of Phosphorus ,http://anzsoil.org/def/au/scm/9C2b,number,MilliGM-PER-KiloGM,Chemical,0,fine soil fraction (<2mm)
Concentration of Phosphorus ,http://anzsoil.org/def/au/scm/9D1,number,MilliGM-PER-KiloGM,Chemical,0,fine soil fraction (<2mm)
Concentration of Phosphorus ,http://anzsoil.org/def/au/scm/9E1,number,MilliGM-PER-KiloGM,Chemical,0,fine soil fraction (<2mm)
Concentration of Phosphorus ,http://anzsoil.org/def/au/scm/9E2,number,MilliGM-PER-KiloGM,Chemical,0,fine soil fraction (<2mm)
Concentration of Phosphorus ,http://anzsoil.org/def/au/scm/9F1,number,MicroGM-PER-KiloGM,Chemical,0,fine soil fraction (<2mm)
Concentration of Phosphorus ,http://anzsoil.org/def/au/scm/9F2,number,MicroGM-PER-KiloGM,Chemical,0,fine soil fraction (<2mm)
Concentration of Phosphorus ,http://anzsoil.org/def/au/scm/9G1,number,MilliGM-PER-KiloGM,Chemical,0,fine soil fraction (<2mm)
Concentration of Phosphorus ,http://anzsoil.org/def/au/scm/9G2,number,MilliGM-PER-KiloGM,Chemical,0,fine soil fraction (<2mm)
  Anion storage capacity,http://anzsoil.org/def/au/scm/9H1,number,PERCENT,Chemical,0,fine soil fraction (<2mm)
Index of   Phosphate Sorption Index ,http://anzsoil.org/def/au/scm/9I1,number,UNITLESS,Chemical,0,fine soil fraction (<2mm)
Index of   P buffer index,http://anzsoil.org/def/au/scm/9I2a,number,UNITLESS,Chemical,PBI,fine soil fraction (<2mm)
Index of   P buffer index,http://anzsoil.org/def/au/scm/9I2b,number,UNITLESS,Chemical,0,fine soil fraction (<2mm)
Index of   P buffer index,http://anzsoil.org/def/au/scm/9I2c,number,UNITLESS,Chemical,0,fine soil fraction (<2mm)
Index of   P buffer index,http://anzsoil.org/def/au/scm/9I3a,number,UNITLESS,Chemical,0,fine soil fraction (<2mm)
Index of   P buffer index,http://anzsoil.org/def/au/scm/9I3b,number,UNITLESS,Chemical,0,fine soil fraction (<2mm)
Index of   P buffer index,http://anzsoil.org/def/au/scm/9I3c,number,UNITLESS,Chemical,0,fine soil fraction (<2mm)
Index of   P buffer index,http://anzsoil.org/def/au/scm/9I4a,number,UNITLESS,Chemical,0,fine soil fraction (<2mm)
Index of   P buffer index,http://anzsoil.org/def/au/scm/9I4b,number,UNITLESS,Chemical,0,fine soil fraction (<2mm)
Index of   P buffer index,http://anzsoil.org/def/au/scm/9I4c,number,UNITLESS,Chemical,0,fine soil fraction (<2mm)
Concentration of  Equilibrium phosphorus concentration,http://anzsoil.org/def/au/scm/9J1,number,MicroGM-PER-L,Chemical,EPC,fine soil fraction (<2mm)
  Phosphorus buffering capacity,http://anzsoil.org/def/au/scm/9J1,number,UNITLESS,Chemical,PBC,fine soil fraction (<2mm)
Concentration of  Equilibrium phosphorus concentration,http://anzsoil.org/def/au/scm/9J2,number,MicroGM-PER-L,Chemical,EPC,fine soil fraction (<2mm)
  Phosphorus buffering capacity,http://anzsoil.org/def/au/scm/9J2,number,UNITLESS,Chemical,PBC,fine soil fraction (<2mm)
Estimate of Phosphorus P saturation ratio,http://anzsoil.org/def/au/scm/9K1a,number,0,Chemical,0,fine soil fraction (<2mm)
Estimate of phosphorus P saturation ratio,http://anzsoil.org/def/au/scm/9K1b,number,0,Chemical,0,fine soil fraction (<2mm)
Concentration Ratio of phosphorus ,http://anzsoil.org/def/au/scm/9K2,number,0,Chemical,0,fine soil fraction (<2mm)
Concentration of Sulfur ,http://anzsoil.org/def/au/scm/10A1,number,PERCENT,Chemical,0,fine soil fraction (<2mm)
Concentration of Sulfur ,http://anzsoil.org/def/au/scm/10A2,number,PERCENT,Chemical,0,fine soil fraction (<2mm)
Concentration of Sulfur ,http://anzsoil.org/def/au/scm/10B1,number,MilliGM-PER-KiloGM,Chemical,0,fine soil fraction (<2mm)
Concentration of Sulfur ,http://anzsoil.org/def/au/scm/10B2,number,MilliGM-PER-KiloGM,Chemical,0,fine soil fraction (<2mm)
Concentration of Sulfur ,http://anzsoil.org/def/au/scm/10B3,number,MilliGM-PER-KiloGM,Chemical,0,fine soil fraction (<2mm)
Concentration of Sulfur ,http://anzsoil.org/def/au/scm/10B4,number,MilliGM-PER-KiloGM,Chemical,0,fine soil fraction (<2mm)
Concentration of Sulfur ,http://anzsoil.org/def/au/scm/10C1,number,MilliGM-PER-KiloGM,Chemical,0,fine soil fraction (<2mm)
Concentration of Sulfur ,http://anzsoil.org/def/au/scm/10D1,number,MilliGM-PER-KiloGM,Chemical,0,fine soil fraction (<2mm)
Concentration of Gypsum ,http://anzsoil.org/def/au/scm/11A1,number,PERCENT,Chemical,0,fine soil fraction (<2mm)
Concentration of Gypsum ,http://anzsoil.org/def/au/scm/11A2,number,PERCENT,Chemical,0,fine soil fraction (<2mm)
Concentration of Copper ,http://anzsoil.org/def/au/scm/12A1,number,MilliGM-PER-KiloGM,Chemical,0,fine soil fraction (<2mm)
Concentration of Zinc ,http://anzsoil.org/def/au/scm/12A1,number,MilliGM-PER-KiloGM,Chemical,0,fine soil fraction (<2mm)
Concentration of Manganese ,http://anzsoil.org/def/au/scm/12A1,number,MilliGM-PER-KiloGM,Chemical,0,fine soil fraction (<2mm)
Concentration of Iron ,http://anzsoil.org/def/au/scm/12A1,number,MilliGM-PER-KiloGM,Chemical,0,fine soil fraction (<2mm)
Concentration of Copper ,http://anzsoil.org/def/au/scm/12B1,number,MilliGM-PER-KiloGM,Chemical,0,fine soil fraction (<2mm)
Concentration of Zinc ,http://anzsoil.org/def/au/scm/12B1,number,MilliGM-PER-KiloGM,Chemical,0,fine soil fraction (<2mm)
Concentration of Boron ,http://anzsoil.org/def/au/scm/12C1,number,MilliGM-PER-KiloGM,Chemical,0,fine soil fraction (<2mm)
Concentration of Boron ,http://anzsoil.org/def/au/scm/12C2,number,MilliGM-PER-KiloGM,Chemical,0,fine soil fraction (<2mm)
Concentration of Copper ,http://anzsoil.org/def/au/scm/12D1,number,MilliGM-PER-KiloGM,Chemical,0,fine soil fraction (<2mm)
Concentration of Zinc ,http://anzsoil.org/def/au/scm/12D1,number,MilliGM-PER-KiloGM,Chemical,0,fine soil fraction (<2mm)
Concentration of Manganese ,http://anzsoil.org/def/au/scm/12D1,number,MilliGM-PER-KiloGM,Chemical,0,fine soil fraction (<2mm)
Concentration of Iron ,http://anzsoil.org/def/au/scm/12D1,number,MilliGM-PER-KiloGM,Chemical,0,fine soil fraction (<2mm)
Concentration of Molybdenum ,http://anzsoil.org/def/au/scm/12E1,number,MilliGM-PER-KiloGM,Chemical,0,fine soil fraction (<2mm)
Concentration of Iron ,http://anzsoil.org/def/au/scm/13A1,number,PERCENT,Chemical,0,fine soil fraction (<2mm)
Concentration of Aluminium ,http://anzsoil.org/def/au/scm/13A1,number,PERCENT,Chemical,0,fine soil fraction (<2mm)
Concentration of Silicon ,http://anzsoil.org/def/au/scm/13A1,number,PERCENT,Chemical,0,fine soil fraction (<2mm)
Concentration of Iron ,http://anzsoil.org/def/au/scm/13B1,number,PERCENT,Chemical,0,fine soil fraction (<2mm)
Concentration of Aluminium ,http://anzsoil.org/def/au/scm/13B1,number,PERCENT,Chemical,0,fine soil fraction (<2mm)
Concentration of Iron ,http://anzsoil.org/def/au/scm/13C1,number,PERCENT,Chemical,0,fine soil fraction (<2mm)
Concentration of Aluminium ,http://anzsoil.org/def/au/scm/13C1,number,PERCENT,Chemical,0,fine soil fraction (<2mm)
Concentration of Silicon ,http://anzsoil.org/def/au/scm/13D1,number,MilliGM-PER-KiloGM,Chemical,0,fine soil fraction (<2mm)
Concentration of Silicon ,http://anzsoil.org/def/au/scm/13D2,number,MilliGM-PER-KiloGM,Chemical,0,fine soil fraction (<2mm)
  Electrical conductivity,http://anzsoil.org/def/au/scm/14B1,number,DeciS-PER-M,Chemical,EC,fine soil fraction (<2mm)
  pH,http://anzsoil.org/def/au/scm/14C1,number,0,Chemical,0,fine soil fraction (<2mm)
Concentration of Bicarbonate ,http://anzsoil.org/def/au/scm/14D1,number,MilliGM-PER-L or CentiMOL-PER-L,Chemical,0,fine soil fraction (<2mm)
Concentration of Carbonate ,http://anzsoil.org/def/au/scm/14D1,number,MilliGM-PER-L or CentiMOL-PER-L,Chemical,0,fine soil fraction (<2mm)
Concentration of Bicarbonate ,http://anzsoil.org/def/au/scm/14D2,number,MilliGM-PER-L or CentiMOL-PER-L,Chemical,0,fine soil fraction (<2mm)
Concentration of Carbonate ,http://anzsoil.org/def/au/scm/14D2,number,MilliGM-PER-L or CentiMOL-PER-L,Chemical,0,fine soil fraction (<2mm)
Concentration of Chloride ,http://anzsoil.org/def/au/scm/14E1,number,MilliGM-PER-L or CentiMOL-PER-L,Chemical,0,fine soil fraction (<2mm)
Concentration of Chloride ,http://anzsoil.org/def/au/scm/14E2,number,MilliGM-PER-L or CentiMOL-PER-L,Chemical,0,fine soil fraction (<2mm)
Concentration of Chloride ,http://anzsoil.org/def/au/scm/14E2a,number,MilliGM-PER-L or CentiMOL-PER-L,Chemical,0,fine soil fraction (<2mm)
Concentration of Chloride ,http://anzsoil.org/def/au/scm/14E2b,number,MilliGM-PER-L or CentiMOL-PER-L,Chemical,0,fine soil fraction (<2mm)
Concentration of Chloride ,http://anzsoil.org/def/au/scm/14E3,number,MilliGM-PER-L or CentiMOL-PER-L,Chemical,0,fine soil fraction (<2mm)
Concentration of Sulfate ,http://anzsoil.org/def/au/scm/14F1,number,MilliGM-PER-L or CentiMOL-PER-L,Chemical,0,fine soil fraction (<2mm)
Concentration of Sulfate ,http://anzsoil.org/def/au/scm/14F2,number,MilliGM-PER-L or CentiMOL-PER-L,Chemical,0,fine soil fraction (<2mm)
Concentration of Sulfate ,http://anzsoil.org/def/au/scm/14F3,number,MilliGM-PER-L or CentiMOL-PER-L,Chemical,0,fine soil fraction (<2mm)
Concentration of Sulfate ,http://anzsoil.org/def/au/scm/14F5,number,MilliGM-PER-L or CentiMOL-PER-L,Chemical,0,fine soil fraction (<2mm)
Concentration of Sulfate ,http://anzsoil.org/def/au/scm/14F5a,number,MilliGM-PER-L or CentiMOL-PER-L,Chemical,0,fine soil fraction (<2mm)
Concentration of Sulfate ,http://anzsoil.org/def/au/scm/14F5b,number,MilliGM-PER-L or CentiMOL-PER-L,Chemical,0,fine soil fraction (<2mm)
Concentration of Fluoride ,http://anzsoil.org/def/au/scm/14G1,number,MilliGM-PER-L or CentiMOL-PER-L,Chemical,0,fine soil fraction (<2mm)
Concentration of Fluoride ,http://anzsoil.org/def/au/scm/14G2,number,MilliGM-PER-L or CentiMOL-PER-L,Chemical,0,fine soil fraction (<2mm)
Concentration of Fluoride ,http://anzsoil.org/def/au/scm/14G2a,number,MilliGM-PER-L or CentiMOL-PER-L,Chemical,0,fine soil fraction (<2mm)
Concentration of Fluoride ,http://anzsoil.org/def/au/scm/14G2b,number,MilliGM-PER-L or CentiMOL-PER-L,Chemical,0,fine soil fraction (<2mm)
Concentration of Calcium ,http://anzsoil.org/def/au/scm/14H1,number,MilliGM-PER-L or CentiMOL-PER-L,Chemical,0,fine soil fraction (<2mm)
Concentration of Magnesium ,http://anzsoil.org/def/au/scm/14H1,number,MilliGM-PER-L or CentiMOL-PER-L,Chemical,0,fine soil fraction (<2mm)
Concentration of Potassium ,http://anzsoil.org/def/au/scm/14H1,number,MilliGM-PER-L or CentiMOL-PER-L,Chemical,0,fine soil fraction (<2mm)
Concentration of Sodium ,http://anzsoil.org/def/au/scm/14H1,number,MilliGM-PER-L or CentiMOL-PER-L,Chemical,0,fine soil fraction (<2mm)
Concentration of Calcium ,http://anzsoil.org/def/au/scm/15A1,number,CentiMOL-PER-KiloGM,Chemical,0,fine soil fraction (<2mm)
Concentration of Magnesium ,http://anzsoil.org/def/au/scm/15A1,number,CentiMOL-PER-KiloGM,Chemical,0,fine soil fraction (<2mm)
Concentration of Sodium ,http://anzsoil.org/def/au/scm/15A1,number,CentiMOL-PER-KiloGM,Chemical,0,fine soil fraction (<2mm)
Concentration of Potassium ,http://anzsoil.org/def/au/scm/15A1,number,CentiMOL-PER-KiloGM,Chemical,0,fine soil fraction (<2mm)
Concentration of Calcium ,http://anzsoil.org/def/au/scm/15A2,number,CentiMOL-PER-KiloGM,Chemical,0,fine soil fraction (<2mm)
Concentration of Magnesium ,http://anzsoil.org/def/au/scm/15A2,number,CentiMOL-PER-KiloGM,Chemical,0,fine soil fraction (<2mm)
Concentration of Sodium ,http://anzsoil.org/def/au/scm/15A2,number,CentiMOL-PER-KiloGM,Chemical,0,fine soil fraction (<2mm)
Concentration of Potassium ,http://anzsoil.org/def/au/scm/15A2,number,CentiMOL-PER-KiloGM,Chemical,0,fine soil fraction (<2mm)
Concentration of Calcium ,http://anzsoil.org/def/au/scm/15A3,number,CentiMOL-PER-KiloGM,Chemical,0,fine soil fraction (<2mm)
Concentration of Magnesium ,http://anzsoil.org/def/au/scm/15A3,number,CentiMOL-PER-KiloGM,Chemical,0,fine soil fraction (<2mm)
Concentration of Sodium ,http://anzsoil.org/def/au/scm/15A3,number,CentiMOL-PER-KiloGM,Chemical,0,fine soil fraction (<2mm)
Concentration of Potassium ,http://anzsoil.org/def/au/scm/15A3,number,CentiMOL-PER-KiloGM,Chemical,0,fine soil fraction (<2mm)
Concentration of Calcium ,http://anzsoil.org/def/au/scm/15B1,number,CentiMOL-PER-KiloGM,Chemical,0,fine soil fraction (<2mm)
Concentration of Magnesium ,http://anzsoil.org/def/au/scm/15B1,number,CentiMOL-PER-KiloGM,Chemical,0,fine soil fraction (<2mm)
Concentration of Sodium ,http://anzsoil.org/def/au/scm/15B1,number,CentiMOL-PER-KiloGM,Chemical,0,fine soil fraction (<2mm)
Concentration of Potassium ,http://anzsoil.org/def/au/scm/15B1,number,CentiMOL-PER-KiloGM,Chemical,0,fine soil fraction (<2mm)
  Cation Exchange Capacity,http://anzsoil.org/def/au/scm/15B1,number,CentiMOL-PER-KiloGM,Chemical,CEC,fine soil fraction (<2mm)
Concentration of Calcium ,http://anzsoil.org/def/au/scm/15B2,number,CentiMOL-PER-KiloGM,Chemical,0,fine soil fraction (<2mm)
Concentration of Magnesium ,http://anzsoil.org/def/au/scm/15B2,number,CentiMOL-PER-KiloGM,Chemical,0,fine soil fraction (<2mm)
Concentration of Sodium ,http://anzsoil.org/def/au/scm/15B2,number,CentiMOL-PER-KiloGM,Chemical,0,fine soil fraction (<2mm)
Concentration of Potassium ,http://anzsoil.org/def/au/scm/15B2,number,CentiMOL-PER-KiloGM,Chemical,0,fine soil fraction (<2mm)
  Cation Exchange Capacity,http://anzsoil.org/def/au/scm/15B2,number,CentiMOL-PER-KiloGM,Chemical,CEC,fine soil fraction (<2mm)
Concentration of Calcium ,http://anzsoil.org/def/au/scm/15B3,number,CentiMOL-PER-KiloGM,Chemical,0,fine soil fraction (<2mm)
Concentration of Magnesium ,http://anzsoil.org/def/au/scm/15B3,number,CentiMOL-PER-KiloGM,Chemical,0,fine soil fraction (<2mm)
Concentration of Sodium ,http://anzsoil.org/def/au/scm/15B3,number,CentiMOL-PER-KiloGM,Chemical,0,fine soil fraction (<2mm)
Concentration of Potassium ,http://anzsoil.org/def/au/scm/15B3,number,CentiMOL-PER-KiloGM,Chemical,0,fine soil fraction (<2mm)
  Cation Exchange Capacity,http://anzsoil.org/def/au/scm/15B3,number,CentiMOL-PER-KiloGM,Chemical,CEC,fine soil fraction (<2mm)
Concentration of Calcium ,http://anzsoil.org/def/au/scm/15C1,number,CentiMOL-PER-KiloGM,Chemical,0,fine soil fraction (<2mm)
Concentration of Magnesium ,http://anzsoil.org/def/au/scm/15C1,number,CentiMOL-PER-KiloGM,Chemical,0,fine soil fraction (<2mm)
Concentration of Sodium ,http://anzsoil.org/def/au/scm/15C1,number,CentiMOL-PER-KiloGM,Chemical,0,fine soil fraction (<2mm)
Concentration of Potassium ,http://anzsoil.org/def/au/scm/15C1,number,CentiMOL-PER-KiloGM,Chemical,0,fine soil fraction (<2mm)
  Cation Exchange Capacity,http://anzsoil.org/def/au/scm/15C1,number,CentiMOL-PER-KiloGM,Chemical,CEC,fine soil fraction (<2mm)
Concentration of Calcium ,http://anzsoil.org/def/au/scm/15C2,number,CentiMOL-PER-KiloGM,Chemical,0,fine soil fraction (<2mm)
Concentration of Magnesium ,http://anzsoil.org/def/au/scm/15C2,number,CentiMOL-PER-KiloGM,Chemical,0,fine soil fraction (<2mm)
  Cation Exchange Capacity,http://anzsoil.org/def/au/scm/15C2,number,CentiMOL-PER-KiloGM,Chemical, CEC,fine soil fraction (<2mm)
Concentration of Calcium ,http://anzsoil.org/def/au/scm/15D1,number,CentiMOL-PER-KiloGM,Chemical,0,fine soil fraction (<2mm)
Concentration of Magnesium ,http://anzsoil.org/def/au/scm/15D1,number,CentiMOL-PER-KiloGM,Chemical,0,fine soil fraction (<2mm)
Concentration of Sodium ,http://anzsoil.org/def/au/scm/15D1,number,CentiMOL-PER-KiloGM,Chemical,0,fine soil fraction (<2mm)
Concentration of Potassium ,http://anzsoil.org/def/au/scm/15D1,number,CentiMOL-PER-KiloGM,Chemical,0,fine soil fraction (<2mm)
  Cation Exchange Capacity,http://anzsoil.org/def/au/scm/15D1,number,CentiMOL-PER-KiloGM,Chemical,CEC,fine soil fraction (<2mm)
Concentration of Calcium ,http://anzsoil.org/def/au/scm/15D2,number,CentiMOL-PER-KiloGM,Chemical,0,fine soil fraction (<2mm)
Concentration of Magnesium ,http://anzsoil.org/def/au/scm/15D2,number,CentiMOL-PER-KiloGM,Chemical,0,fine soil fraction (<2mm)
Concentration of Sodium ,http://anzsoil.org/def/au/scm/15D2,number,CentiMOL-PER-KiloGM,Chemical,0,fine soil fraction (<2mm)
Concentration of Potassium ,http://anzsoil.org/def/au/scm/15D2,number,CentiMOL-PER-KiloGM,Chemical,0,fine soil fraction (<2mm)
  Cation Exchange Capacity,http://anzsoil.org/def/au/scm/15D2,number,CentiMOL-PER-KiloGM,Chemical,CEC,fine soil fraction (<2mm)
Concentration of Calcium ,http://anzsoil.org/def/au/scm/15D3,number,CentiMOL-PER-KiloGM,Chemical,0,fine soil fraction (<2mm)
Concentration of Magnesium ,http://anzsoil.org/def/au/scm/15D3,number,CentiMOL-PER-KiloGM,Chemical,0,fine soil fraction (<2mm)
Concentration of Sodium ,http://anzsoil.org/def/au/scm/15D3,number,CentiMOL-PER-KiloGM,Chemical,0,fine soil fraction (<2mm)
Concentration of Potassium ,http://anzsoil.org/def/au/scm/15D3,number,CentiMOL-PER-KiloGM,Chemical,0,fine soil fraction (<2mm)
  Cation Exchange Capacity,http://anzsoil.org/def/au/scm/15D3,number,CentiMOL-PER-KiloGM,Chemical,CEC,fine soil fraction (<2mm)
Concentration of Calcium ,http://anzsoil.org/def/au/scm/15E1,number,CentiMOL-PER-KiloGM,Chemical,0,fine soil fraction (<2mm)
Concentration of Magnesium ,http://anzsoil.org/def/au/scm/15E1,number,CentiMOL-PER-KiloGM,Chemical,0,fine soil fraction (<2mm)
Concentration of Sodium ,http://anzsoil.org/def/au/scm/15E1,number,CentiMOL-PER-KiloGM,Chemical,0,fine soil fraction (<2mm)
Concentration of Potassium ,http://anzsoil.org/def/au/scm/15E1,number,CentiMOL-PER-KiloGM,Chemical,0,fine soil fraction (<2mm)
  Cation Exchange Capacity,http://anzsoil.org/def/au/scm/15E1,number,CentiMOL-PER-KiloGM,Chemical,CEC,fine soil fraction (<2mm)
  Anion Exchange Capacity,http://anzsoil.org/def/au/scm/15E1,number,CentiMOL-PER-KiloGM,Chemical,AEC,fine soil fraction (<2mm)
Concentration of Calcium ,http://anzsoil.org/def/au/scm/15E2,number,CentiMOL-PER-KiloGM,Chemical,0,fine soil fraction (<2mm)
Concentration of Magnesium ,http://anzsoil.org/def/au/scm/15E2,number,CentiMOL-PER-KiloGM,Chemical,0,fine soil fraction (<2mm)
Concentration of Sodium ,http://anzsoil.org/def/au/scm/15E2,number,CentiMOL-PER-KiloGM,Chemical,0,fine soil fraction (<2mm)
Concentration of Potassium ,http://anzsoil.org/def/au/scm/15E2,number,CentiMOL-PER-KiloGM,Chemical,0,fine soil fraction (<2mm)
  Cation Exchange Capacity,http://anzsoil.org/def/au/scm/15E2,number,CentiMOL-PER-KiloGM,Chemical,CEC,fine soil fraction (<2mm)
  Anion Exchange Capacity,http://anzsoil.org/def/au/scm/15E2,number,CentiMOL-PER-KiloGM,Chemical,AEC,fine soil fraction (<2mm)
Concentration of Calcium ,http://anzsoil.org/def/au/scm/15E3,number,CentiMOL-PER-KiloGM,Chemical,0,fine soil fraction (<2mm)
Concentration of Magnesium ,http://anzsoil.org/def/au/scm/15E3,number,CentiMOL-PER-KiloGM,Chemical,0,fine soil fraction (<2mm)
Concentration of Sodium ,http://anzsoil.org/def/au/scm/15E3,number,CentiMOL-PER-KiloGM,Chemical,0,fine soil fraction (<2mm)
Concentration of Potassium ,http://anzsoil.org/def/au/scm/15E3,number,CentiMOL-PER-KiloGM,Chemical,0,fine soil fraction (<2mm)
  Cation Exchange Capacity,http://anzsoil.org/def/au/scm/15E3,number,CentiMOL-PER-KiloGM,Chemical,CEC,fine soil fraction (<2mm)
  Anion Exchange Capacity,http://anzsoil.org/def/au/scm/15E3,number,CentiMOL-PER-KiloGM,Chemical,AEC,fine soil fraction (<2mm)
Concentration of Calcium ,http://anzsoil.org/def/au/scm/15F1,number,CentiMOL-PER-KiloGM,Chemical,0,fine soil fraction (<2mm)
Concentration of Magnesium ,http://anzsoil.org/def/au/scm/15F1,number,CentiMOL-PER-KiloGM,Chemical,0,fine soil fraction (<2mm)
Concentration of Sodium ,http://anzsoil.org/def/au/scm/15F1,number,CentiMOL-PER-KiloGM,Chemical,0,fine soil fraction (<2mm)
Concentration of Potassium ,http://anzsoil.org/def/au/scm/15F1,number,CentiMOL-PER-KiloGM,Chemical,0,fine soil fraction (<2mm)
  Cation Exchange Capacity,http://anzsoil.org/def/au/scm/15F1,number,CentiMOL-PER-KiloGM,Chemical,CEC,fine soil fraction (<2mm)
Concentration of Calcium ,http://anzsoil.org/def/au/scm/15F1,number,CentiMOL-PER-KiloGM,Chemical,0,fine soil fraction (<2mm)
Concentration of Magnesium ,http://anzsoil.org/def/au/scm/15F1,number,CentiMOL-PER-KiloGM,Chemical,0,fine soil fraction (<2mm)
Concentration of Sodium ,http://anzsoil.org/def/au/scm/15F1,number,CentiMOL-PER-KiloGM,Chemical,0,fine soil fraction (<2mm)
Concentration of Potassium ,http://anzsoil.org/def/au/scm/15F1,number,CentiMOL-PER-KiloGM,Chemical,0,fine soil fraction (<2mm)
Concentration of Aluminium ,http://anzsoil.org/def/au/scm/15F2,number,CentiMOL-PER-KiloGM,Chemical,0,fine soil fraction (<2mm)
  Cation Exchange Capacity,http://anzsoil.org/def/au/scm/15F3,number,CentiMOL-PER-KiloGM,Chemical,CEC,fine soil fraction (<2mm)
Concetration of  ,http://anzsoil.org/def/au/scm/15G1,number,CentiMOL-PER-KiloGM,Chemical,0,fine soil fraction (<2mm)
Concetration of  ,http://anzsoil.org/def/au/scm/15H1,number,CentiMOL-PER-KiloGM,Chemical,0,fine soil fraction (<2mm)
  Cation Exchange Capacity,http://anzsoil.org/def/au/scm/15I1,number,CentiMOL-PER-KiloGM,Chemical,CEC,fine soil fraction (<2mm)
  Cation Exchange Capacity,http://anzsoil.org/def/au/scm/15I2,number,CentiMOL-PER-KiloGM,Chemical,CEC,fine soil fraction (<2mm)
  Cation Exchange Capacity,http://anzsoil.org/def/au/scm/15I3,number,CentiMOL-PER-KiloGM,Chemical,CEC,fine soil fraction (<2mm)
  Cation Exchange Capacity,http://anzsoil.org/def/au/scm/15I4,number,CentiMOL-PER-KiloGM,Chemical,CEC,fine soil fraction (<2mm)
  Effective Cation Exchange Capacity,http://anzsoil.org/def/au/scm/15J1,number,CentiMOL-PER-KiloGM,Chemical,ECEC,fine soil fraction (<2mm)
  Cation Exchange Capacity,http://anzsoil.org/def/au/scm/15K1,number,CentiMOL-PER-KiloGM,Chemical,CEC,fine soil fraction (<2mm)
  Base saturation percentage,http://anzsoil.org/def/au/scm/15L1,number,PERCENT,Chemical,BSP,fine soil fraction (<2mm)
Concentration ratio of  Calcium to Magnesium,http://anzsoil.org/def/au/scm/15M1,number,0,Chemical,0,fine soil fraction (<2mm)
Concentration ratio of  Potassium to Magnesium,http://anzsoil.org/def/au/scm/15M1,number,0,Chemical,0,fine soil fraction (<2mm)
Concentration ratio of  Potassium to Sodium,http://anzsoil.org/def/au/scm/15M1,number,0,Chemical,0,fine soil fraction (<2mm)
  Exchangeable sodium percentage,http://anzsoil.org/def/au/scm/15N1,number,PERCENT,Chemical,0,fine soil fraction (<2mm)
  Aluminium saturation,http://anzsoil.org/def/au/scm/15O1,number,PERCENT,Chemical,0,fine soil fraction (<2mm)
  Lime (CaCO3) requirement,http://anzsoil.org/def/au/scm/16A1,number,KiloGM-PER-HA,Chemical,0,fine soil fraction (<2mm)
  Lime (CaCO3) requirement,http://anzsoil.org/def/au/scm/16B1,number,KiloGM-PER-HA,Chemical,0,fine soil fraction (<2mm)
  Lime (CaCO3) requirement,http://anzsoil.org/def/au/scm/16C1,number,TONNE-PER-HA,Chemical,0,fine soil fraction (<2mm)
  Lime (CaCO3) requirement,http://anzsoil.org/def/au/scm/16D1,number,TONNE-PER-HA,Chemical,0,fine soil fraction (<2mm)
Concentration of Aluminium ,http://anzsoil.org/def/au/scm/17A1,number,PERCENT or MilliGM-PER-KiloGM,Chemical,0,fine soil fraction (<2mm)
Concentration of Arsenic ,http://anzsoil.org/def/au/scm/17A1,number,PERCENT or MilliGM-PER-KiloGM,Chemical,0,fine soil fraction (<2mm)
Concentration of Calcium ,http://anzsoil.org/def/au/scm/17A1,number,PERCENT or MilliGM-PER-KiloGM,Chemical,0,fine soil fraction (<2mm)
Concentration of Cobalt ,http://anzsoil.org/def/au/scm/17A1,number,PERCENT or MilliGM-PER-KiloGM,Chemical,0,fine soil fraction (<2mm)
Concentration of Chromium ,http://anzsoil.org/def/au/scm/17A1,number,PERCENT or MilliGM-PER-KiloGM,Chemical,0,fine soil fraction (<2mm)
Concentration of Copper ,http://anzsoil.org/def/au/scm/17A1,number,PERCENT or MilliGM-PER-KiloGM,Chemical,0,fine soil fraction (<2mm)
Concentration of Iron ,http://anzsoil.org/def/au/scm/17A1,number,PERCENT or MilliGM-PER-KiloGM,Chemical,0,fine soil fraction (<2mm)
Concentration of Potassium ,http://anzsoil.org/def/au/scm/17A1,number,PERCENT or MilliGM-PER-KiloGM,Chemical,0,fine soil fraction (<2mm)
Concentration of Magnesium ,http://anzsoil.org/def/au/scm/17A1,number,PERCENT or MilliGM-PER-KiloGM,Chemical,0,fine soil fraction (<2mm)
Concentration of Manganese ,http://anzsoil.org/def/au/scm/17A1,number,PERCENT or MilliGM-PER-KiloGM,Chemical,0,fine soil fraction (<2mm)
Concentration of Nickel ,http://anzsoil.org/def/au/scm/17A1,number,PERCENT or MilliGM-PER-KiloGM,Chemical,0,fine soil fraction (<2mm)
Concentration of Lead ,http://anzsoil.org/def/au/scm/17A1,number,PERCENT or MilliGM-PER-KiloGM,Chemical,0,fine soil fraction (<2mm)
Concentration of Silicon ,http://anzsoil.org/def/au/scm/17A1,number,PERCENT or MilliGM-PER-KiloGM,Chemical,0,fine soil fraction (<2mm)
Concentration of Strontium ,http://anzsoil.org/def/au/scm/17A1,number,PERCENT or MilliGM-PER-KiloGM,Chemical,0,fine soil fraction (<2mm)
Concentration of Titanium ,http://anzsoil.org/def/au/scm/17A1,number,PERCENT or MilliGM-PER-KiloGM,Chemical,0,fine soil fraction (<2mm)
Concentration of Vanadium  ,http://anzsoil.org/def/au/scm/17A1,number,PERCENT or MilliGM-PER-KiloGM,Chemical,0,fine soil fraction (<2mm)
Concentration of Zinc ,http://anzsoil.org/def/au/scm/17A1,number,PERCENT or MilliGM-PER-KiloGM,Chemical,0,fine soil fraction (<2mm)
Concentration of Aluminium ,http://anzsoil.org/def/au/scm/17A2,number,PERCENT or MilliGM-PER-KiloGM,Chemical,0,fine soil fraction (<2mm)
Concentration of Arsenic ,http://anzsoil.org/def/au/scm/17A2,number,PERCENT or MilliGM-PER-KiloGM,Chemical,0,fine soil fraction (<2mm)
Concentration of Calcium ,http://anzsoil.org/def/au/scm/17A2,number,PERCENT or MilliGM-PER-KiloGM,Chemical,0,fine soil fraction (<2mm)
Concentration of Cobalt ,http://anzsoil.org/def/au/scm/17A2,number,PERCENT or MilliGM-PER-KiloGM,Chemical,0,fine soil fraction (<2mm)
Concentration of Chromium ,http://anzsoil.org/def/au/scm/17A2,number,PERCENT or MilliGM-PER-KiloGM,Chemical,0,fine soil fraction (<2mm)
Concentration of Copper ,http://anzsoil.org/def/au/scm/17A2,number,PERCENT or MilliGM-PER-KiloGM,Chemical,0,fine soil fraction (<2mm)
Concentration of Iron ,http://anzsoil.org/def/au/scm/17A2,number,PERCENT or MilliGM-PER-KiloGM,Chemical,0,fine soil fraction (<2mm)
Concentration of Potassium ,http://anzsoil.org/def/au/scm/17A2,number,PERCENT or MilliGM-PER-KiloGM,Chemical,0,fine soil fraction (<2mm)
Concentration of Magnesium ,http://anzsoil.org/def/au/scm/17A2,number,PERCENT or MilliGM-PER-KiloGM,Chemical,0,fine soil fraction (<2mm)
Concentration of Manganese ,http://anzsoil.org/def/au/scm/17A2,number,PERCENT or MilliGM-PER-KiloGM,Chemical,0,fine soil fraction (<2mm)
Concentration of Nickel ,http://anzsoil.org/def/au/scm/17A2,number,PERCENT or MilliGM-PER-KiloGM,Chemical,0,fine soil fraction (<2mm)
Concentration of Lead ,http://anzsoil.org/def/au/scm/17A2,number,PERCENT or MilliGM-PER-KiloGM,Chemical,0,fine soil fraction (<2mm)
Concentration of Silicon ,http://anzsoil.org/def/au/scm/17A2,number,PERCENT or MilliGM-PER-KiloGM,Chemical,0,fine soil fraction (<2mm)
Concentration of Strontium ,http://anzsoil.org/def/au/scm/17A2,number,PERCENT or MilliGM-PER-KiloGM,Chemical,0,fine soil fraction (<2mm)
Concentration of Titanium ,http://anzsoil.org/def/au/scm/17A2,number,PERCENT or MilliGM-PER-KiloGM,Chemical,0,fine soil fraction (<2mm)
Concentration of Vanadium ,http://anzsoil.org/def/au/scm/17A2,number,PERCENT or MilliGM-PER-KiloGM,Chemical,0,fine soil fraction (<2mm)
Concentration of Zinc ,http://anzsoil.org/def/au/scm/17A2,number,PERCENT or MilliGM-PER-KiloGM,Chemical,0,fine soil fraction (<2mm)
Concentration of Aluminium ,http://anzsoil.org/def/au/scm/17B1,number,PERCENT or MilliGM-PER-KiloGM,Chemical,0,fine soil fraction (<2mm)
Concentration of Calcium ,http://anzsoil.org/def/au/scm/17B1,number,PERCENT or MilliGM-PER-KiloGM,Chemical,0,fine soil fraction (<2mm)
Concentration of Cadmium ,http://anzsoil.org/def/au/scm/17B1,number,PERCENT or MilliGM-PER-KiloGM,Chemical,0,fine soil fraction (<2mm)
Concentration of Cobalt ,http://anzsoil.org/def/au/scm/17B1,number,PERCENT or MilliGM-PER-KiloGM,Chemical,0,fine soil fraction (<2mm)
Concentration of Chromium ,http://anzsoil.org/def/au/scm/17B1,number,PERCENT or MilliGM-PER-KiloGM,Chemical,0,fine soil fraction (<2mm)
Concentration of Copper ,http://anzsoil.org/def/au/scm/17B1,number,PERCENT or MilliGM-PER-KiloGM,Chemical,0,fine soil fraction (<2mm)
Concentration of Iron ,http://anzsoil.org/def/au/scm/17B1,number,PERCENT or MilliGM-PER-KiloGM,Chemical,0,fine soil fraction (<2mm)
Concentration of Potassium ,http://anzsoil.org/def/au/scm/17B1,number,PERCENT or MilliGM-PER-KiloGM,Chemical,0,fine soil fraction (<2mm)
Concentration of Magnesium ,http://anzsoil.org/def/au/scm/17B1,number,PERCENT or MilliGM-PER-KiloGM,Chemical,0,fine soil fraction (<2mm)
Concentration of Manganese ,http://anzsoil.org/def/au/scm/17B1,number,PERCENT or MilliGM-PER-KiloGM,Chemical,0,fine soil fraction (<2mm)
Concentration of Molybdenum ,http://anzsoil.org/def/au/scm/17B1,number,PERCENT or MilliGM-PER-KiloGM,Chemical,0,fine soil fraction (<2mm)
Concentration of Nickel ,http://anzsoil.org/def/au/scm/17B1,number,PERCENT or MilliGM-PER-KiloGM,Chemical,0,fine soil fraction (<2mm)
Concentration of Phosphorus ,http://anzsoil.org/def/au/scm/17B1,number,PERCENT or MilliGM-PER-KiloGM,Chemical,0,fine soil fraction (<2mm)
Concentration of Lead ,http://anzsoil.org/def/au/scm/17B1,number,PERCENT or MilliGM-PER-KiloGM,Chemical,0,fine soil fraction (<2mm)
Concentration of Sulfur ,http://anzsoil.org/def/au/scm/17B1,number,PERCENT or MilliGM-PER-KiloGM,Chemical,0,fine soil fraction (<2mm)
Concentration of Zinc ,http://anzsoil.org/def/au/scm/17B1,number,PERCENT or MilliGM-PER-KiloGM,Chemical,0,fine soil fraction (<2mm)
Concentration of Aluminium ,http://anzsoil.org/def/au/scm/17B2,number,PERCENT or MilliGM-PER-KiloGM,Chemical,0,fine soil fraction (<2mm)
Concentration of Calcium ,http://anzsoil.org/def/au/scm/17B2,number,PERCENT or MilliGM-PER-KiloGM,Chemical,0,fine soil fraction (<2mm)
Concentration of Cadmium ,http://anzsoil.org/def/au/scm/17B2,number,PERCENT or MilliGM-PER-KiloGM,Chemical,0,fine soil fraction (<2mm)
Concentration of Cobalt ,http://anzsoil.org/def/au/scm/17B2,number,PERCENT or MilliGM-PER-KiloGM,Chemical,0,fine soil fraction (<2mm)
Concentration of Chromium ,http://anzsoil.org/def/au/scm/17B2,number,PERCENT or MilliGM-PER-KiloGM,Chemical,0,fine soil fraction (<2mm)
Concentration of Copper ,http://anzsoil.org/def/au/scm/17B2,number,PERCENT or MilliGM-PER-KiloGM,Chemical,0,fine soil fraction (<2mm)
Concentration of Iron ,http://anzsoil.org/def/au/scm/17B2,number,PERCENT or MilliGM-PER-KiloGM,Chemical,0,fine soil fraction (<2mm)
Concentration of Potassium ,http://anzsoil.org/def/au/scm/17B2,number,PERCENT or MilliGM-PER-KiloGM,Chemical,0,fine soil fraction (<2mm)
Concentration of Magnesium ,http://anzsoil.org/def/au/scm/17B2,number,PERCENT or MilliGM-PER-KiloGM,Chemical,0,fine soil fraction (<2mm)
Concentration of Manganese ,http://anzsoil.org/def/au/scm/17B2,number,PERCENT or MilliGM-PER-KiloGM,Chemical,0,fine soil fraction (<2mm)
Concentration of Molybdenum ,http://anzsoil.org/def/au/scm/17B2,number,PERCENT or MilliGM-PER-KiloGM,Chemical,0,fine soil fraction (<2mm)
Concentration of Nickel ,http://anzsoil.org/def/au/scm/17B2,number,PERCENT or MilliGM-PER-KiloGM,Chemical,0,fine soil fraction (<2mm)
Concentration of Phosphorus ,http://anzsoil.org/def/au/scm/17B2,number,PERCENT or MilliGM-PER-KiloGM,Chemical,0,fine soil fraction (<2mm)
Concentration of Lead ,http://anzsoil.org/def/au/scm/17B2,number,PERCENT or MilliGM-PER-KiloGM,Chemical,0,fine soil fraction (<2mm)
Concentration of Sulfur ,http://anzsoil.org/def/au/scm/17B2,number,PERCENT or MilliGM-PER-KiloGM,Chemical,0,fine soil fraction (<2mm)
Concentration of Zinc ,http://anzsoil.org/def/au/scm/17B2,number,PERCENT or MilliGM-PER-KiloGM,Chemical,0,fine soil fraction (<2mm)
Concentration of Aluminium ,http://anzsoil.org/def/au/scm/17C1,number,PERCENT or MilliGM-PER-KiloGM,Chemical,0,fine soil fraction (<2mm)
Concentration of Calcium ,http://anzsoil.org/def/au/scm/17C1,number,PERCENT or MilliGM-PER-KiloGM,Chemical,0,fine soil fraction (<2mm)
Concentration of Cadmium ,http://anzsoil.org/def/au/scm/17C1,number,PERCENT or MilliGM-PER-KiloGM,Chemical,0,fine soil fraction (<2mm)
Concentration of Cobalt ,http://anzsoil.org/def/au/scm/17C1,number,PERCENT or MilliGM-PER-KiloGM,Chemical,0,fine soil fraction (<2mm)
Concentration of Chromium ,http://anzsoil.org/def/au/scm/17C1,number,PERCENT or MilliGM-PER-KiloGM,Chemical,0,fine soil fraction (<2mm)
Concentration of Copper ,http://anzsoil.org/def/au/scm/17C1,number,PERCENT or MilliGM-PER-KiloGM,Chemical,0,fine soil fraction (<2mm)
Concentration of Iron ,http://anzsoil.org/def/au/scm/17C1,number,PERCENT or MilliGM-PER-KiloGM,Chemical,0,fine soil fraction (<2mm)
Concentration of Potassium ,http://anzsoil.org/def/au/scm/17C1,number,PERCENT or MilliGM-PER-KiloGM,Chemical,0,fine soil fraction (<2mm)
Concentration of Magnesium ,http://anzsoil.org/def/au/scm/17C1,number,PERCENT or MilliGM-PER-KiloGM,Chemical,0,fine soil fraction (<2mm)
Concentration of Manganese ,http://anzsoil.org/def/au/scm/17C1,number,PERCENT or MilliGM-PER-KiloGM,Chemical,0,fine soil fraction (<2mm)
Concentration of Molybdenum ,http://anzsoil.org/def/au/scm/17C1,number,PERCENT or MilliGM-PER-KiloGM,Chemical,0,fine soil fraction (<2mm)
Concentration of Nickel ,http://anzsoil.org/def/au/scm/17C1,number,PERCENT or MilliGM-PER-KiloGM,Chemical,0,fine soil fraction (<2mm)
Concentration of Phosphorus ,http://anzsoil.org/def/au/scm/17C1,number,PERCENT or MilliGM-PER-KiloGM,Chemical,0,fine soil fraction (<2mm)
Concentration of Lead ,http://anzsoil.org/def/au/scm/17C1,number,PERCENT or MilliGM-PER-KiloGM,Chemical,0,fine soil fraction (<2mm)
Concentration of Sulfur ,http://anzsoil.org/def/au/scm/17C1,number,PERCENT or MilliGM-PER-KiloGM,Chemical,0,fine soil fraction (<2mm)
Concentration of Zinc ,http://anzsoil.org/def/au/scm/17C1,number,PERCENT or MilliGM-PER-KiloGM,Chemical,0,fine soil fraction (<2mm)
Concentration of Potassium ,http://anzsoil.org/def/au/scm/18A1,number,MilliGM-PER-KiloGM or CentiMOL-PER-KiloGM,Chemical,0,fine soil fraction (<2mm)
Concentration of Potassium ,http://anzsoil.org/def/au/scm/18B1,number,MilliGM-PER-KiloGM or CentiMOL-PER-KiloGM,Chemical,0,fine soil fraction (<2mm)
Concentration of Potassium ,http://anzsoil.org/def/au/scm/18C1,number,MilliGM-PER-KiloGM or CentiMOL-PER-KiloGM,Chemical,0,fine soil fraction (<2mm)
Concentration of Cadmium ,http://anzsoil.org/def/au/scm/18D1,number,MilliGM-PER-KiloGM,Chemical,0,fine soil fraction (<2mm)
Concentration of Cadmium ,http://anzsoil.org/def/au/scm/18E1,number,MilliGM-PER-KiloGM,Chemical,0,fine soil fraction (<2mm)
Concentration of Phosphorus ,http://anzsoil.org/def/au/scm/18F1,number,MilliGM-PER-KiloGM,Chemical,0,fine soil fraction (<2mm)
Concentration of Calcium ,http://anzsoil.org/def/au/scm/18F1,number,MilliGM-PER-KiloGM,Chemical,0,fine soil fraction (<2mm)
Concentration of Magnesium ,http://anzsoil.org/def/au/scm/18F1,number,MilliGM-PER-KiloGM,Chemical,0,fine soil fraction (<2mm)
Concentration of Sodium ,http://anzsoil.org/def/au/scm/18F1,number,MilliGM-PER-KiloGM,Chemical,0,fine soil fraction (<2mm)
Concentration of Potassium ,http://anzsoil.org/def/au/scm/18F1,number,MilliGM-PER-KiloGM,Chemical,0,fine soil fraction (<2mm)
Concentration of Iron ,http://anzsoil.org/def/au/scm/18F1,number,MilliGM-PER-KiloGM,Chemical,0,fine soil fraction (<2mm)
Concentration of Copper ,http://anzsoil.org/def/au/scm/18F1,number,MilliGM-PER-KiloGM,Chemical,0,fine soil fraction (<2mm)
Concentration of Manganese ,http://anzsoil.org/def/au/scm/18F1,number,MilliGM-PER-KiloGM,Chemical,0,fine soil fraction (<2mm)
Concentration of Zinc ,http://anzsoil.org/def/au/scm/18F1,number,MilliGM-PER-KiloGM,Chemical,0,fine soil fraction (<2mm)
Concentration of Boron ,http://anzsoil.org/def/au/scm/18F1,number,MilliGM-PER-KiloGM,Chemical,0,fine soil fraction (<2mm)
Concentration of Sulfur ,http://anzsoil.org/def/au/scm/18F1,number,MilliGM-PER-KiloGM,Chemical,0,fine soil fraction (<2mm)
Concentration of Aluminium ,http://anzsoil.org/def/au/scm/18F1,number,MilliGM-PER-KiloGM,Chemical,0,fine soil fraction (<2mm)
Concentration of Phosphorus ,http://anzsoil.org/def/au/scm/18F2,number,MilliGM-PER-KiloGM,Chemical,0,fine soil fraction (<2mm)
Concentration of  reverse soil Potassium (K+),http://anzsoil.org/def/au/scm/18G1,number,MilliGM-PER-KiloGM or CentiMOL-PER-KiloGM,Chemical,0,fine soil fraction (<2mm)
Concentration of Calcium Carbonate ,http://anzsoil.org/def/au/scm/19A1,number,PERCENT,Chemical,0,fine soil fraction (<2mm)
Concentration of Calcium Carbonate ,http://anzsoil.org/def/au/scm/19B1,number,PERCENT,Chemical,0,fine soil fraction (<2mm)
Concentration of Dolomite ,http://anzsoil.org/def/au/scm/19B1,number,PERCENT,Chemical,0,fine soil fraction (<2mm)
Concentration of Calcium Carbonate ,http://anzsoil.org/def/au/scm/19B2,number,PERCENT,Chemical,0,fine soil fraction (<2mm)
Presence or absence of Carbonates ,http://anzsoil.org/def/au/scm/19C1,code - presence/absence,0,Chemical,0,bedrock fragment
Presence or absence of Carbonates ,http://anzsoil.org/def/au/scm/19C1,code - presence/absence,0,Chemical,0,"Carbonate concretions > nodules, threads and masses"
Presence or absence of Carbonates ,http://anzsoil.org/def/au/scm/19C1,code - presence/absence,0,Chemical,0,fine soil fraction (<2mm)
Concentration of Carbonates ,http://anzsoil.org/def/au/scm/19D1,code or number (from table 19.4 AND OR percentage rather than percentrage range code) https://raw.githack.com/ANZSoilData/def-au-scma/master/html/19-alkaline-earth-carbonates/19D1.html,PERCENT,Chemical,0,fine soil fraction (<2mm)
Concentration of Sulfur ,http://anzsoil.org/def/au/scm/20A1,number,PERCENT,Chemical,0,fine soil fraction (<2mm)
  Titratable actual acidity,http://anzsoil.org/def/au/scm/20B1,number,MOL-PER-TONNE,Chemical,TAA,fine soil fraction (<2mm)
  Titratable peroxide acidity,http://anzsoil.org/def/au/scm/20C1,number,MOL-PER-TONNE,Chemical,TPA,fine soil fraction (<2mm)
  Net (excess) Acid Neutralising Capacity,http://anzsoil.org/def/au/scm/20C1,number,MOL-PER-TONNE,Chemical,a-ANC E,fine soil fraction (<2mm)
Concentration of Sulfur ,http://anzsoil.org/def/au/scm/20D1,number,PERCENT,Chemical,0,fine soil fraction (<2mm)
Concentration of Calcium ,http://anzsoil.org/def/au/scm/20D1,number,PERCENT,Chemical,0,fine soil fraction (<2mm)
Concentration of Magnesium ,http://anzsoil.org/def/au/scm/20D1,number,PERCENT,Chemical,0,fine soil fraction (<2mm)
Concentration of Sulfur ,http://anzsoil.org/def/au/scm/20E1,number,PERCENT,Chemical,0,fine soil fraction (<2mm)
Concentration of Calcium ,http://anzsoil.org/def/au/scm/20E1,number,PERCENT,Chemical,0,fine soil fraction (<2mm)
Concentration of Magnesium ,http://anzsoil.org/def/au/scm/20E1,number,PERCENT,Chemical,0,fine soil fraction (<2mm)
Concentration of Sulfur ,http://anzsoil.org/def/au/scm/20F1,number,PERCENT,Chemical,0,fine soil fraction (<2mm)
Concentration of Sulfur ,http://anzsoil.org/def/au/scm/20F2,number,PERCENT,Chemical,0,fine soil fraction (<2mm)
Concentration of Sulfur ,http://anzsoil.org/def/au/scm/20G1,number,PERCENT,Chemical,0,fine soil fraction (<2mm)
  Acid neutralising capacity,http://anzsoil.org/def/au/scm/20H1,number,PERCENT,Chemical,ANC BT,fine soil fraction (<2mm)
Concentration of Calcium ,http://anzsoil.org/def/au/scm/20I1,number,PERCENT,Chemical,CaA,fine soil fraction (<2mm)
Concentration of Magnesium ,http://anzsoil.org/def/au/scm/20I1,number,PERCENT,Chemical,MgA,fine soil fraction (<2mm)
  Titratable actual acidity,http://anzsoil.org/def/au/scm/20J1,number,MOL-PER-M3,Chemical,TAAD-B,fine soil fraction (<2mm)
  Total Sulfidic Acidity,http://anzsoil.org/def/au/scm/20J1,number,MOL-PER-M3,Chemical,TSAD-B,fine soil fraction (<2mm)
  Residual Quick Neutralising Capacity,http://anzsoil.org/def/au/scm/20J1,number,MOL-PER-M3,Chemical,RQNCD-B,fine soil fraction (<2mm)
  pH,http://anzsoil.org/def/au/scm/20K1,number,MOL-PER-M3,Chemical,0,fine soil fraction (<2mm)
  Lime requirement for drain spoil,http://anzsoil.org/def/au/scm/20K1,number,KiloGM-PER-M3,Chemical,0,fine soil fraction (<2mm)
  Water repellence,http://anzsoil.org/def/au/spm/spmile/505.01,code- pg 87 brown book - description of severity and rating,0,Physical,0,whole soil (including fine earth and coarse fragments)
  Dispersion in water,http://anzsoil.org/def/au/spm/spmile/513.01,code - brown book p191. Figure 13.1 A classification of soil based on its dispersion in water (Emerson 1991),0,Physical,0,whole soil (including fine earth and coarse fragments)
  Bulk density,http://anzsoil.org/def/au/spm/spmile/503.01,number,MegaGM-PER-M3,Physical,?b,whole soil (including fine earth and coarse fragments)
  Bulk density,http://anzsoil.org/def/au/spm/spmile/503.04,number,MegaGM-PER-M3,Physical,?b,whole soil (including fine earth and coarse fragments)
  Bulk density,http://anzsoil.org/def/au/spm/spmile/503.02,number,MegaGM-PER-M3,Physical,?b,whole soil (including fine earth and coarse fragments)
  Bulk density,http://anzsoil.org/def/au/spm/spmile/503.03,number,MegaGM-PER-M3,Physical,?b,whole soil (including fine earth and coarse fragments)
  Gross bulk density,http://anzsoil.org/def/au/spm/spmile/503.05,number,MegaGM-PER-M3,Physical,?b,whole soil (including fine earth and coarse fragments)
  Volumetric coarse fragment content,http://anzsoil.org/def/au/spm/spmile/503.06,number,M3-PER-M3 or PERCENT,Physical,Vsc,whole soil (including fine earth and coarse fragments)
Volume of  coarse fragments,http://anzsoil.org/def/au/spm/spmile/503.07,number,M3-PER-M3 or PERCENT,Physical,Vsp,whole soil (including fine earth and coarse fragments)
  Bulk density of fine earth,http://anzsoil.org/def/au/spm/spmile/503.08,number,MegaGM-PER-M3,Physical,?bf,fine soil fraction (<2mm)
  Total pore space,http://anzsoil.org/def/au/spm/spmile/503.09,number,M3-PER-M3 or PERCENT,Physical,?,whole soil (including fine earth and coarse fragments)
Proportion of  dispersed clay,http://anzsoil.org/def/au/spm/spmile/514.01,number,PERCENT,Physical,0,fine soil fraction (<2mm)
Proportion of  dispersed clay as the ratio of SAR:TCC,http://anzsoil.org/def/au/spm/spmile/514.01,number,PERCENT,Physical,0,fine soil fraction (<2mm)
Proportion of  dispersed clay,http://anzsoil.org/def/au/spm/spmile/514.02,number,PERCENT,Physical,0,fine soil fraction (<2mm)
Proportion of  dispersed clay as the ratio of SAR:TCC,http://anzsoil.org/def/au/spm/spmile/514.02,number,PERCENT,Physical,0,fine soil fraction (<2mm)
Distribution of  dry aggregates,http://anzsoil.org/def/au/spm/spmile/515.01,number,PERCENT,Physical,DA,whole soil (including fine earth and coarse fragments)
Proportion of  sand - particle sizes < 0.2 mm,http://anzsoil.org/def/au/spm/spmile/516.01,number,PERCENT,Physical,0,fine soil fraction (<2mm)
Proportion of  silt - particle sizes < 0.02 mm,http://anzsoil.org/def/au/spm/spmile/516.01,number,PERCENT,Physical,0,fine soil fraction (<2mm)
Proportion of  clay - particle sizes < 0.002 mm,http://anzsoil.org/def/au/spm/spmile/516.01,number,PERCENT,Physical,0,fine soil fraction (<2mm)
Proportion of  sand - particle sizes < 0.2 mm,http://anzsoil.org/def/au/spm/spmile/517.02,number,PERCENT,Physical,0,fine soil fraction (<2mm)
Proportion of  silt - particle sizes < 0.02 mm,http://anzsoil.org/def/au/spm/spmile/517.02,number,PERCENT,Physical,0,fine soil fraction (<2mm)
Proportion of  clay - particle sizes < 0.002 mm,http://anzsoil.org/def/au/spm/spmile/517.02,number,PERCENT,Physical,0,fine soil fraction (<2mm)
Proportion of  sand - particle sizes < 0.2 mm,http://anzsoil.org/def/au/spm/spmile/517.03,number,PERCENT,Physical,0,fine soil fraction (<2mm)
Proportion of  silt - particle sizes < 0.02 mm,http://anzsoil.org/def/au/spm/spmile/517.03,number,PERCENT,Physical,0,fine soil fraction (<2mm)
Proportion of  clay - particle sizes < 0.002 mm,http://anzsoil.org/def/au/spm/spmile/517.03,number,PERCENT,Physical,0,fine soil fraction (<2mm)
Proportion of  sand - particle sizes < 0.2 mm,http://anzsoil.org/def/au/spm/spmile/517.04,number,PERCENT,Physical,0,fine soil fraction (<2mm)
Proportion of  silt - particle sizes < 0.02 mm,http://anzsoil.org/def/au/spm/spmile/517.04,number,PERCENT,Physical,0,fine soil fraction (<2mm)
Proportion of  clay - particle sizes < 0.002 mm,http://anzsoil.org/def/au/spm/spmile/517.04,number,PERCENT,Physical,0,fine soil fraction (<2mm)
Proportion of  sand - particle sizes < 0.2 mm,http://anzsoil.org/def/au/spm/spmile/517.05,number,PERCENT,Physical,0,fine soil fraction (<2mm)
Proportion of  silt - particle sizes < 0.02 mm,http://anzsoil.org/def/au/spm/spmile/517.05,number,PERCENT,Physical,0,fine soil fraction (<2mm)
Proportion of  clay - particle sizes < 0.002 mm,http://anzsoil.org/def/au/spm/spmile/517.05,number,PERCENT,Physical,0,fine soil fraction (<2mm)
Proportion of  sand - particle sizes < 0.2 mm,http://anzsoil.org/def/au/spm/spmile/517.06,number,PERCENT,Physical,0,fine soil fraction (<2mm)
Proportion of  silt - particle sizes < 0.02 mm,http://anzsoil.org/def/au/spm/spmile/517.06,number,PERCENT,Physical,0,fine soil fraction (<2mm)
Proportion of  clay - particle sizes < 0.002 mm,http://anzsoil.org/def/au/spm/spmile/517.06,number,PERCENT,Physical,0,fine soil fraction (<2mm)
Proportion of  sand - particle sizes < 0.2 mm,http://anzsoil.org/def/au/spm/spmile/517.07,number,PERCENT,Physical,0,fine soil fraction (<2mm)
Proportion of  silt - particle sizes < 0.02 mm,http://anzsoil.org/def/au/spm/spmile/517.07,number,PERCENT,Physical,0,fine soil fraction (<2mm)
Proportion of  clay - particle sizes < 0.002 mm,http://anzsoil.org/def/au/spm/spmile/517.07,number,PERCENT,Physical,0,fine soil fraction (<2mm)
Proportion of  sand - particle sizes < 0.2 mm,http://anzsoil.org/def/au/spm/spmile/517.08,number,PERCENT,Physical,0,fine soil fraction (<2mm)
Proportion of  silt - particle sizes < 0.02 mm,http://anzsoil.org/def/au/spm/spmile/517.08,number,PERCENT,Physical,0,fine soil fraction (<2mm)
Proportion of  clay - particle sizes < 0.002 mm,http://anzsoil.org/def/au/spm/spmile/517.08,number,PERCENT,Physical,0,fine soil fraction (<2mm)
Proportion of  sand - particle sizes < 0.2 mm,http://anzsoil.org/def/au/spm/spmile/517.09,number,PERCENT,Physical,0,fine soil fraction (<2mm)
Proportion of  silt - particle sizes < 0.02 mm,http://anzsoil.org/def/au/spm/spmile/517.09,number,PERCENT,Physical,0,fine soil fraction (<2mm)
Proportion of  clay - particle sizes < 0.002 mm,http://anzsoil.org/def/au/spm/spmile/517.09,number,PERCENT,Physical,0,fine soil fraction (<2mm)
Proportion of  sand - particle sizes < 0.2 mm,http://anzsoil.org/def/au/spm/spmile/517.10,number,PERCENT,Physical,0,fine soil fraction (<2mm)
Proportion of  silt - particle sizes < 0.02 mm,http://anzsoil.org/def/au/spm/spmile/517.10,number,PERCENT,Physical,0,fine soil fraction (<2mm)
Proportion of  clay - particle sizes < 0.002 mm,http://anzsoil.org/def/au/spm/spmile/517.10,number,PERCENT,Physical,0,fine soil fraction (<2mm)
Proportion of  sand - particle sizes < 0.2 mm,http://anzsoil.org/def/au/spm/spmile/517.11,number,PERCENT,Physical,0,fine soil fraction (<2mm)
Proportion of  silt - particle sizes < 0.02 mm,http://anzsoil.org/def/au/spm/spmile/517.11,number,PERCENT,Physical,0,fine soil fraction (<2mm)
Proportion of  clay - particle sizes < 0.002 mm,http://anzsoil.org/def/au/spm/spmile/517.11,number,PERCENT,Physical,0,fine soil fraction (<2mm)
Proportion of  sand - particle sizes < 0.2 mm,http://anzsoil.org/def/au/spm/spmile/517.12,number,PERCENT,Physical,0,fine soil fraction (<2mm)
Proportion of  silt - particle sizes < 0.02 mm,http://anzsoil.org/def/au/spm/spmile/517.12,number,PERCENT,Physical,0,fine soil fraction (<2mm)
Proportion of  clay - particle sizes < 0.002 mm,http://anzsoil.org/def/au/spm/spmile/517.12,number,PERCENT,Physical,0,fine soil fraction (<2mm)
Proportion of  sand - particle sizes < 0.2 mm,http://anzsoil.org/def/au/spm/spmile/517.13,number,PERCENT,Physical,0,fine soil fraction (<2mm)
Proportion of  silt - particle sizes < 0.02 mm,http://anzsoil.org/def/au/spm/spmile/517.13,number,PERCENT,Physical,0,fine soil fraction (<2mm)
Proportion of  clay - particle sizes < 0.002 mm,http://anzsoil.org/def/au/spm/spmile/517.13,number,PERCENT,Physical,0,fine soil fraction (<2mm)
Proportion of  sand - particle sizes < 0.2 mm,http://anzsoil.org/def/au/spm/spmile/517.14,number,PERCENT,Physical,0,fine soil fraction (<2mm)
Proportion of  silt - particle sizes < 0.02 mm,http://anzsoil.org/def/au/spm/spmile/517.14,number,PERCENT,Physical,0,fine soil fraction (<2mm)
Proportion of  clay - particle sizes < 0.002 mm,http://anzsoil.org/def/au/spm/spmile/517.14,number,PERCENT,Physical,0,fine soil fraction (<2mm)
Proportion of  sand - particle sizes < 0.2 mm,http://anzsoil.org/def/au/spm/spmile/517.15,number,PERCENT,Physical,0,fine soil fraction (<2mm)
Proportion of  silt - particle sizes < 0.02 mm,http://anzsoil.org/def/au/spm/spmile/517.15,number,PERCENT,Physical,0,fine soil fraction (<2mm)
Proportion of  clay - particle sizes < 0.002 mm,http://anzsoil.org/def/au/spm/spmile/517.15,number,PERCENT,Physical,0,fine soil fraction (<2mm)
Proportion of  sand - particle sizes < 0.2 mm,http://anzsoil.org/def/au/spm/spmile/517.16,number,PERCENT,Physical,0,fine soil fraction (<2mm)
Proportion of  silt - particle sizes < 0.02 mm,http://anzsoil.org/def/au/spm/spmile/517.16,number,PERCENT,Physical,0,fine soil fraction (<2mm)
Proportion of  clay - particle sizes < 0.002 mm,http://anzsoil.org/def/au/spm/spmile/517.16,number,PERCENT,Physical,0,fine soil fraction (<2mm)
  Soil strength characteristic,http://anzsoil.org/def/au/spm/spmile/520.01,number,MegaPA,Physical,0,whole soil (including fine earth and coarse fragments)
  Soil water characteristic,http://anzsoil.org/def/au/spm/spmile/504.01,number,GM-PER-GM or GM-PER-KiloGM,Physical,0,whole soil (including fine earth and coarse fragments)
  Soil water characteristic,http://anzsoil.org/def/au/spm/spmile/504.02,number,GM-PER-GM or GM-PER-KiloGM,Physical,0,whole soil (including fine earth and coarse fragments)
  Soil water characteristic,http://anzsoil.org/def/au/spm/spmile/504.03,number,GM-PER-GM or GM-PER-KiloGM,Physical,0,whole soil (including fine earth and coarse fragments)
  Hydraulic conductivity,http://anzsoil.org/def/au/spm/spmile/507.01,number,M-PER-HR or MilliM-PER-HR,Physical,0,whole soil (including fine earth and coarse fragments)
  Hydraulic conductivity,http://anzsoil.org/def/au/spm/spmile/509.01,number,M-PER-HR or MilliM-PER-HR,Physical,0,whole soil (including fine earth and coarse fragments)
  Hydraulic conductivity,http://anzsoil.org/def/au/spm/spmile/508.01,number,M-PER-HR or MilliM-PER-HR,Physical,0,whole soil (including fine earth and coarse fragments)
  Hydraulic conductivity,http://anzsoil.org/def/au/spm/spmile/510.01,number,M-PER-HR or MilliM-PER-HR,Physical,0,whole soil (including fine earth and coarse fragments)
  Hydraulic conductivity,http://anzsoil.org/def/au/spm/spmile/510.02,number,M-PER-HR or MilliM-PER-HR,Physical,0,whole soil (including fine earth and coarse fragments)
  Hydraulic conductivity,http://anzsoil.org/def/au/spm/spmile/510.03,number,M-PER-HR or MilliM-PER-HR,Physical,0,whole soil (including fine earth and coarse fragments)
  Hydraulic conductivity,http://anzsoil.org/def/au/spm/spmile/510.04,number,M-PER-HR or MilliM-PER-HR,Physical,0,whole soil (including fine earth and coarse fragments)
  Hydraulic conductivity,http://anzsoil.org/def/au/spm/spmile/510.05,number,M-PER-HR or MilliM-PER-HR,Physical,0,whole soil (including fine earth and coarse fragments)
  Dispersive potential,http://anzsoil.org/def/au/spm/spmile/514.03,number,KiloPA,Physical,Pdis,fine soil fraction (<2mm)
  Mechanical Dispersive potential,http://anzsoil.org/def/au/spm/spmile/514.04,number,KiloPA,Physical,Pdis,fine soil fraction (<2mm)
  Linear shrinkage,http://anzsoil.org/def/au/spm/spmile/518.01,number,PERCENT,Physical,LSsts,whole soil (including fine earth and coarse fragments)
  Coefficient of linear extensibility of soil,http://anzsoil.org/def/au/spm/spmile/518.02,number,PERCENT,Physical,COLESTD,whole soil (including fine earth and coarse fragments)
  Modified linear shrinkage of soil,http://anzsoil.org/def/au/spm/spmile/518.03,number,PERCENT,Physical,LSmod,fine soil fraction (<2mm)
  Liquid limit,http://anzsoil.org/def/au/spm/spmile/519.01,number,PERCENT or M3-PER-M3,Physical,0,fine fraction (<425 um)
  Liquid limit,http://anzsoil.org/def/au/spm/spmile/519.02,number,PERCENT or M3-PER-M3,Physical,0,fine fraction (<425 um)
  Plastic limit,http://anzsoil.org/def/au/spm/spmile/519.03,number,PERCENT or M3-PER-M3,Physical,0,fine fraction (<425 um)
  Modulus of rupture,http://anzsoil.org/def/au/spm/spmile/521.01,number,KiloPA,Physical,MOP,fine soil fraction (<2mm)
  ,0,,,,,
  ,0,,,,,
  ,0,,,,,
  ,0,,,,,
  ,0,,,,,
  ,0,,,,,
  ,0,,,,,
  ,0,,,,,
  ,0,,,,,
  ,0,,,,,
  ,0,,,,,
  ,0,,,,,
  ,0,,,,,
  ,0,,,,,
  ,0,,,,,
  ,0,,,,,
  ,0,,,,,
  ,0,,,,,
  ,0,,,,,
  ,0,,,,,
,0,,,,,
,0,,,,,
,0,,,,,
,0,,,,,
,0,,,,,
,0,,,,,
,0,,,,,
,0,,,,,
,0,,,,,
,0,,,,,
,0,,,,,
,0,,,,,
,0,,,,,
,0,,,,,
,0,,,,,
,0,,,,,
,0,,,,,
,0,,,,,
,0,,,,,
,0,,,,,
,0,,,,,
,0,,,,,
,0,,,,,
,0,,,,,
,0,,,,,
,0,,,,,
,0,,,,,
,0,,,,,
,0,,,,,
,0,,,,,
,0,,,,,
,0,,,,,
,0,,,,,
,0,,,,,
,0,,,,,
,0,,,,,
,0,,,,,
,0,,,,,
,0,,,,,
,0,,,,,
,0,,,,,
,0,,,,,
,0,,,,,
,0,,,,,
,0,,,,,
,0,,,,,
,0,,,,,
,0,,,,,
,0,,,,,
,0,,,,,
,0,,,,,
,0,,,,,
,0,,,,,
,0,,,,,
,0,,,,,
,0,,,,,
,0,,,,,
,0,,,,,
,0,,,,,
,0,,,,,
,0,,,,,
,0,,,,,
,0,,,,,
,0,,,,,
,0,,,,,
,0,,,,,
,0,,,,,
,0,,,,,
,0,,,,,
,0,,,,,
,0,,,,,
,0,,,,,
,0,,,,,
,0,,,,,
,0,,,,,
,0,,,,,
,0,,,,,
,0,,,,,
,0,,,,,
,0,,,,,
,0,,,,,
,0,,,,,
,0,,,,,
,0,,,,,
,0,,,,,
,0,,,,,
,0,,,,,
,0,,,,,
,0,,,,,
,0,,,,,
,0,,,,,
,0,,,,,
,0,,,,,
,0,,,,,
